{
  "overall": {
    "precision": 0.7128912711881162,
    "recall": 0.6933333333333334,
    "f1": 0.693381426925555,
    "num_samples": 18000.0
  },
  "class": {
    "Business": {
      "precision": 0.6986366897871322,
      "recall": 0.6491111111111111,
      "f1": 0.6729639442460545,
      "num_samples": 4500.0
    },
    "Sci/Tech": {
      "precision": 0.7626832018038332,
      "recall": 0.6013333333333334,
      "f1": 0.672465208747515,
      "num_samples": 4500.0
    },
    "Sports": {
      "precision": 0.587980843503785,
      "recall": 0.8457777777777777,
      "f1": 0.6937027248701357,
      "num_samples": 4500.0
    },
    "World": {
      "precision": 0.8022643496577145,
      "recall": 0.6771111111111111,
      "f1": 0.7343938298385152,
      "num_samples": 4500.0
    }
  }
}